"Precision.Global","Error.Global","Precision.Positiva","Precision.Negativa","Falsos.Positivos","Falsos.Negativos","Asertividad.Positiva","Asertividad.Negativa"
0.993846153846154,0.00615384615384618,0.987421383647799,0.995926680244399,0.00407331975560081,0.0125786163522013,0.99998702781237,0.999987138594506
0.993846153846154,0.00615384615384618,0.987421383647799,0.995926680244399,0.00407331975560081,0.0125786163522013,0.99998702781237,0.999987138594506
0.993846153846154,0.00615384615384618,0.987421383647799,0.995926680244399,0.00407331975560081,0.0125786163522013,0.99998702781237,0.999987138594506
0.993846153846154,0.00615384615384618,0.987421383647799,0.995926680244399,0.00407331975560081,0.0125786163522013,0.99998702781237,0.999987138594506
0.993846153846154,0.00615384615384618,0.987421383647799,0.995926680244399,0.00407331975560081,0.0125786163522013,0.99998702781237,0.999987138594506
0.993846153846154,0.00615384615384618,0.987421383647799,0.995926680244399,0.00407331975560081,0.0125786163522013,0.99998702781237,0.999987138594506
0.996923076923077,0.00307692307692309,0.990566037735849,0.9989816700611,0.0010183299389002,0.00943396226415094,0.999996767216994,0.999990383413311
0.993846153846154,0.00615384615384618,0.987421383647799,0.995926680244399,0.00407331975560081,0.0125786163522013,0.99998702781237,0.999987138594506
0.993846153846154,0.00615384615384618,0.987421383647799,0.995926680244399,0.00407331975560081,0.0125786163522013,0.99998702781237,0.999987138594506
